0,6,4,ATCACA,ACTCAA,CC
1,15,4,TAGCCCCGATAGTCA,GGCTCCAGTAGGA,AGGG
2,15,20,QAICWCENHHENVHY,TSCTRCHPPYWWR,W
3,15,4,TCTCGGTAACGCGCA,TACGTTGCAATGCA,CTCTA
4,15,20,VVGGCQMLGLANANQ,VMHLIWRKKRHDQL,Q
5,15,4,ATCACCAACAGATAT,CTGTGCGATGCCTTG,G
6,15,20,CPPKHTDSGYWCWPR,DYPNFTTHNTRMQSH,HTS
7,20,4,CGCGTGAATCACGCTAGTGT,GGCGAAAGGCCAATAATA,CTAAA
8,20,20,CCMTNHNLAWGGMCNALLAA,QIMAFTQLDNPISLKDTQ,TNL
9,20,4,CGAATTACAACATCTTTTCG,GTAAACTGAACTACGTGGG,TG
10,20,20,RNNYKQHPQWQLQVFIAGVP,DVVSYSYPDWLHKKQIQWL,HQQ
11,20,4,CTCCGGTATCATTTTATCTG,CTAATAGTGAGTCACTTCGA,CCTCA
12,20,20,IFLTYRCECLVDEPYINHHM,ELFTHRDQQGHAGVLHRTEY,TRVEY
13,25,4,TTCCTTGCGGCATGCTCTTTTGGTT,TTCATACCCGCTCGCGCTCATTA,CTA
14,25,20,LSRFYSFMKSNAWFNNCIPKRYDDD,QVYESYELLDLYFKWVTWFYRVK,FYK
15,25,4,CTCGAACTTGTGTAGAACACAGCGG,CTATAGGTAACTGAGGGGATCCTT,GAGGAC
16,25,20,VSFVTVNYNIKKCNCSNLAQEACGF,DMTYRGGIIYYMDQYGLPDIHHAE,YLA
17,25,4,GGCAATACAACCTACAGATCAAGTC,CTGATATACGTTGAGACGGTATTGA,TCATTG
18,25,20,PSMMFPPSGNQLGHTETNLDARNRW,FGPNRPNTDGLKWCGEKFNACTTLS,NTTL
19,30,4,GCGCGTGTGGTCAATAGTCGAAATTTGTAT,CAATAATGCCCTCCGCCGCCTAGGCTAA,CGCTAGCAA
20,30,20,VNRAWCKNYSSPATITGDRHYWCDHHWLER,QHEHKTITNGAGHERYMCPNDLSFRVCP,RCNSRC
21,30,4,GAAAATACGAATGTGCTGAAAATCGCCCTC,GGGAAGCTCAACGACAAGTCGGAGACGTT,TCGGGACGT
22,30,20,QDFRHAQQSIYCLHMKVGKTLHDTRWNAFF,GLEFVFVGVCNGLMCATWRQGAYFRYKIT,CGR
23,30,4,TAGTTCTAGCGAAAGCCTCACTGGGTCTTC,ATATGTCCTCGAATAATCGGCCCTGGTAGG,GTTCGCCTTG
24,30,20,HFSLLDDTQWSDHTAHNFGLLHEHIFMKGL,QWASHQPCMMQEKWYPPFAIWECDLWWIKV,HQWALIK
25,35,4,CCTTCTATTGCGAAAGAGAATGGGGGCGATCATAA,GCGTCTAAGTTGGCCAAACGACCTTTAAGCGCC,CACAAGCGC
26,35,20,VGCMHPCWERDYHKNDDPGWMFKVDCIHYSLGCDN,DTKWRTHVDNQKHKHENCQWWHSERCNTAEGSW,CWHCG
27,35,4,AGGCACCGTAGCTGAAGCAACCCAATAGTGCTCAG,CGCAGACGTCCACCGGCAAATACACTAGATGACA,GACTGTGAC
28,35,20,FTGYYIPGHFVIHHRWPVIMPGDYTEQGVLKGIVG,IKFHPIGHQYTVYCIISVASWQMQLVMLDIEMWG,TYIVWVMDI
29,35,4,CTGGAACAGCTTTTGCGGGACACCAAAGGAGTTTC,TTATTGGGAATTCCATATTATGCGGGAAGCACAAG,GAACCG
30,35,20,QDKDHRYMCPRRPALWWHRTQRNDEWCPQMFTMIW,RPDPQVCGKGTDMLDSITCDYDAWFGKKNPRYPPG,KDYAWF
31,40,4,TTAGTGTAGCACTACTACGTTCGCTGGTATCTGTCCAATG,ATCTGGGCCTGCGCTTGGGTCACTAGCCCAGTGTAGCT,TTGCAGTGTAGCT
32,40,20,YFLGTHRVWFDSSMGRHVQWKEWFKCDGRLFFRLRDDAAS,AKLNGHWDEIWMQYTYPAQDNVQSQGLTTNEARECGNY,GHWSGER
33,40,4,TGTTGTACTCCCACAAGGCCGGGATACCGACATATCATCG,GCTCTACTACAGAAATGGCGATGGACTACAGTTAAAGTA,TTGATCAGCAAGT
34,40,20,SCNQPNSYADPHPNGHTCHDNWLIVHEVNYEPNWPQHSVE,YCYWCGMEDFTCPAPVPERFCFPYDPQTRFWPYVYVLFS,QPVYS
35,40,4,GCCTGTGCAACTTTGCTCTGGATGTAAGGCGCTACCTGGC,TCGGACCATAGGTTAGGAGAAGTGACTTTATTGTTCCGCG,TTCATTGTTCGCG
36,40,20,VFFPLRMGFDYAHCLEINAQDCWVNGLDETQKSKDMRQRQ,IHSRIAEYAHQRPIGNMYWQLWECPYIFGKLHWRLSPVWH,MYCIWLS
37,45,4,GCAAACCAGAAGGGTAAGCGCTTCAGAGAACCTTGGCGCAATTAC,ACAACAGGATTCGAATGTGAGGCTGGAACGGTGGCGTTTGAGA,GACGATGGCGTTGG
38,45,20,IEWECLWQLHWDEDMSYNGCHIYNPPRQLPGKRFTHSQEKRNQEM,SCTYSKCPFNGSYTKCTSIPCMDGKWHIVECPISDAGEHFCHF,ECDECH
39,45,4,ATGACTGCATTTCCGTTCCTTACTCTAATGCACTTAGGAGCCTTG,GGCGGTCCGGGACGTGTTGATGTTTCTACATATATGGTGCCTCC,ATATATTCCTC
40,45,20,WKQHLCVMSICCQWYWERLHLRGWHASGHQYVLHKICYFEDLGRR,NEYTWSMQAHPLSKGPKTIYAGHMEYWTEFDFTHAHWVWFGLMM,KHMWWWF
41,45,4,GGGCCTCTTAATACAGCGTGAAACGTCTTCTGCAGATCAGTACTT,CGGAGAACTCCCTGTAATTACGTACCGGAGTCATTAGTGGACTCC,GCTTCGGGACTCC
42,45,20,AYDFHGVHPPKPYVLAYFILAESSVFEIHYYMVPGYPMEWDGYCD,WGQHFQTMGLEQIFSDHVHNKLTHLSTVCVCAPCLNPSQWWENCI,HHVASE
43,50,4,TGAGCTTTGAGATTCTTGAGTGTTGCAAAGACGACTATTGATAAACAGAA,GGTTCAAGCTTGCTACCGCATTCAACCTCACCTCCACACGCCTAGGAA,AGCTAACATACAGTAGA
44,50,20,IHMEKRAKFKQFETHWWHMGIHELSQTEYNKPCRQRYYIFWQSKPYCWFE,GCPWIHGHIFEIPPKRLAHNKKQIIRYMMWASEIYREKRDCKDVNLHV,RMSEIKC
45,50,4,ACCTGAGCCCCTCGGCAAAAAATGAGCATTGGACCATGTGATATCGAACT,ATCTTAAATAATCCCATCACATGAACCTGGTAGATCTCAGCATTATGCC,ACCTGGAGGTTGC
46,50,20,CTCLQWPTLNGDVLVLINVDGRNSWADLRKFDWLETCFLVHQVWYRNNYA,KVPLTSASLWYMLNRNSKHTIAWLPCEDFTFQYMNIKVPDMSEGWQTEE,CQPDSEW
47,50,4,CAAGTCTAAAGTAAGTATCTCCAGGCGTTGGTAAGCAGAAAGCCGATTTA,ACCGTCGCTCCATGAGAAGTCCCTGCAAAACACTCAAGAGTAAGACCGGG,CATTTGATAGTAAGACCG
48,50,20,SQFQGQCSCQDYCHMQLKYFLAFGTFVHHNYPKPLTATCTLQTIAFARFF,VYGQKFYTQKIHYWWRPNMGSINLMPRRSYNWSEPNGKRWHGPSCEHKMR,FQYMLNK
49,55,4,GGGGACCATAAAGAGATCATAGCCAAGCCCCAGAATTGAAACGCGGCACCGAGCT,GTGCCTTTCTTTCAGTATGCGGAAGGCTCGCTAGTAGCATAATACCAATTTTC,GGGTGGTTCCAATTC
50,55,20,LQQSLILFTDQLQMRQVCYASEKPVGAMADLIKEWQECPMLWCQHTYQYRDRNQA,GLRIPEYAGWIFCLFEPGFFEAPCVEMSAPGTQNNLTVYEQKGHEFYKERCIP,LTQEKC
51,55,4,ATCGTTATAAAACTATTGGTGGGTAATTGGAGGCGACACGAGACTAGCCGGTTTC,GTTGCGAGTCGCGCCGTGAGTATGAACAGACGTGGGATGTAGGTCAGAGCCAAC,GATTATAGGCCAA
52,55,20,WRRFHSIHYIPHSFWFNDIGTKCRVSMPMIHTDDHSLMCKKYINSMNERQRSEHY,GYAKKTLQPNHIMTGMLPTGPYVQGHHLEYYLVVWCMSDDMGVFEWKDDGDFTH,IPGVMSMK
53,55,4,AAGCGGGATAGCGAACTTTCATGTGTCGGGTCTAATCTTCCTCGCCTGCTGGCTT,AACTAGGGATCTCACGCTGGATCGTCGGTGTACTTCCTACTGCAGCTTTCCATCA,CGTGGCCTCCATC
54,55,20,VCICWHVPFLCYACRETYMVDNGMYTPWWPNNTIYDYIWMSIKLLRWNFFSFHNN,DNWVVHSGKLPWWIVHCGAKHCGIHEQVGENEVPMAHIYDGYRTYVIMCRKYNFR,IHYCRK
55,60,4,AAGAGTAAGCCTGAGGCACAGAAAGATTTATTCCACCGCAGCGCCCTTAAAAAGGAAACA,CCATCGCTTAATGGAGGTCGGTGTTTATCCACCCATAGTCATTTGCCACGGAATCTAA,GGGTACCAATACCGGCTA
56,60,20,VYGHKAQNNGNDPNMEWKPPPILATDSPNRNFWVMYSNPPDMTFDGDHKYQFWRALGNHL,GLNLRENFGDKLGPAPPINAHCSTPDGINPQQAIRIKRTRGKNCPKLMVCVPGMERNI,HQGMRN
57,60,4,GGGCTTGAGGTGTTGTTTATACCACATACAGGAGCCCTTAATCTGCACAGGCATGTTTTA,TGCTCAATATTTCGTTTCCTATGACCCGATAGAACAATTAACTCCAGTGGAATCGGTGT,CTAGGTTTACTATGAACG
58,60,20,HFGSEDASKPEMSHLHMPCCHTPYRRHQDIEDCPSYGCCHNDDEVPPPQQDLQHSPEVYS,AYAWPPKFHWCRIQRYTAPFGLGNKNATAQYFFKSDNMRKVVNETDEEHEELKVYKKAM,SDKETHEY
59,60,4,TGTTGTCAACTGATCTGAATGTCAACGCGGGTAGTAAAGCCGGACGTTGATCGACGCAGA,GATTCTACAACTATCAGAGGGCTTAGATAAACGCGCCTATATGCGGGAGCCGAAAGTGGA,TTTCATAGATAACGGCGCACAGG
60,60,20,PFVYAENGFKGSFSKIYLANPMQTQANSTNMSYHKAAEGIPIFAGLTGCLKKILAAMKQL,VEIMYMQGDSERPGPKQTKLPVALDIHNKDATMEPQVYWSHTQHQSQIFGRADMMMGYLQ,ANFGYL
61,65,4,CTACCTGGCGCTGAGGCTTACGTGGAGATGTTAGTTTCCCCCCTATCTCGTCGGATGGGGCTAAC,AGCCAGATTTTGCTTGCGGGTGGGATTTGCCTGTGGGGGGTACTATAGTTTTTTTGACCGTCA,CATCTGTTAATGTTTTTTGCGTCA
62,65,20,DMFCPAEWCLYVMQDNQHQTYSETMHRPKRHWQDKQQWSKGICWPRFLEWGTIRSLEYHPFIDQK,THDANLDEKSRVSNYVDMILIKQKCYFCWEFCWDVEAVFFEPPNLTMQKRDIQVYFDKPINHV,FCWLMQKRDIFPI
63,65,4,GTAACAAGAGCTCTGGGGGTGCAGACTATCACGGATTTGTTTATAGGTCCGCCAGGAGCAGCGGT,AATCCCGCATCAGTTGCCGGAGGGTTACAATCAGTGTATGCTAGTGTGGGGCTGCGCACGCAGA,TCAATGGAATTGGTGCGCACGC
64,65,20,GERGTWCYIHMWQWTAGAHCCAIYCMMLAQHNDIQTRDIWELWSSLTPSKGYHTAWFRLAMVCQG,LLQLTFDLYLGLAHKPVTNNCSCRSCNHIDSLLISEGDTVLWHFHTWKCRYENYTGLTSCRHWD,GHTHIHRETGTC
65,65,4,GGCGTGCACTGGCTCCAGCAATCGTGCTCGTTGTCTGCAACTAGACCGACACGCTCGGATTTTCG,CTAGTCATCTTGCATTTCGGCCCTCTCAATTCTACGACCGGGTATGCCATTACGCGTCACCGCAC,CGCCGTACACGCGTCACCCAC
66,65,20,NQIYNEKKCMLRAYLEQCIKHDEHFLRTSAASCCETAAYFELCWYWLLGNAATHTLCADHYKMYK,QGFYPGHTGIYGFHIAWGDQRGNNCKYSRWTTAMLSVSIEDWFHQNTMSSWHWEILRTWGPPHWS,INKMEILRTWG
67,70,4,GAGAGTCCTGACTCACTACTCCCATATATGTCATTACCTTAACGTATTACGGCCTCACTTCTCGAAGGAA,TTCTAACCGAGACTGCCAATAACTGGGGGGTTTGACCATGTATCCGTCGAAGTCCTTGGTAGTCCGCC,ATCGTCAAGTCCTTGAGCCCC
68,70,20,YWEQESTNTGNTDIGTCLDIPDDMKASTMHWVKMFEVWLHEMAMLIHLSHVDLSLHQVDGCNQQFRVFMM,HPSSLTGDALRPGMIYHRAEIVRVEDITDKHTPSDPKEGPPPHKTPEKDDVFTYRKGAGDNAMPIAQR,GNPIQR
69,70,4,GATAATTGAACTGCCTGCCTCCAGTCATTCCATCGGATCCGCACACTTGAAGAGCCGCGTCTGAGACTTT,TATAAGTCAACTGTGGCCCGGACCCGAGCCATGGCCTGTATTTCAGCCATTCATTTGCCCGAAAGTTCA,GAGATGGCCGCACATTCATTGCCCGAGC
70,70,20,PEEEGVRWGCNYCVHSIFEVFMDECYRLLRSKNWWWSADEPPMDHHYHQMYSWFSQCLLWLYICPAVSID,VYSYHSCKRCKFDKVHLNKQEKDHKNMKTHRSIQHLYSFGHYGERLPMNCQYVEPWMRSRESREYVHSV,EERMNYMSSYV
71,70,4,CACCATTGAAATGGTGCAGGCAGTCTTTAACGCTAACTTACGCACAGTAAAAATACCCAGCACTACTATA,GACTAACATTTAAAATAGACTATATTTGTCGAGTCCCGAAATGACCTTCATACAGGTAGCTCTCGTTATC,CGAGATCATACAGGTTCAT
72,70,20,WFHQVYCEVPQAGPFRKMRCGPMTFVYVPKKKWMQTCFDDFKNMKVWAHHCFKLYNQRWSTFNQEHVQCW,QRADEVVCYKWIYQYGGGHFLIKTEDPKEVRGDSMLDYKRNYTTLWYFDIGFKPETTACHMGFVVMQSFC,YEVGKRYWFFVQ
73,75,4,CGCTGAACGAATATAAGAGGCAAACTAATTTACTCCTAATACCCCAGAAGAAAATGCGTGGCTAGGGTCGGCGAA,TACAACCACTAGGAGTGGGGCCTCCAGTGGAGTGTCACCGTGCAGGAAAACCAATCAGGCCGTACAAAGTTAA,CGACGTAGGAACACAGCGTCAG
74,75,20,MKHTCAERMVQRNLFTSITTKWPCAVGMHTLIVRIQITECKQQEMRRPVMIKKIHRMVGCTQDSTMGKSTPDKTA,GTQMHRTCKNPKYADGLDNSPIKQSNMNLVTDMWRHICPEMLTRTCVGKEQRMSLRFTKGPNNRNIVAHWTGF,TCEMRFTKPRVT
75,75,4,CTTTCTGTCCAGCCTTCAAAGGTGGCCAGTTAAGTGTCTACACCATGTCTAAGGTGAGGCATAGGCTGTTGACGC,GAACGCTAATCAAGGCCCTAATAGCCGCGCGTACCACTCTACTACTATGAAACAATATCATATGCCCTTCTAAG,CGCGCTCATCGTATTTCCTTTAAG
76,75,20,VGFHCWMHHQQATRHQTYGMLNMHLQCDQKSARATQVSYGMTGCMTDCDNCMTFEPCQEFFNVSIMVDTYNMIRM,WYRRVMFNWYYEWSRTNPQFSYICLPDQHTYNGETQYACNVWEAKFLNILVALSDWWIERKWCDNMISQIWVFG,CHTQYLLSRCDNIV
77,75,4,AAGAGAACTAGGTCTCGCGAAACGGGATGCAAATAGAGCTAGCTCGTCGCCTTTAATTCGCTTGGCCCTGCCATC,CACACCGCCGGATATCAGCGCCGCTCCGATCATAGACCAGAGGCATTACGCCCGACCCGGCGGCTGTGTGGTTGT,GGCATTGGCGACGGGCTGTGTGTG
78,75,20,VWWEPTNMVEYSWISCNVGYEAVWFYRQHTHSKPKWDMFSWSDIYIGVAWNVRQLLVQQIFITAVCSANALYTFW,EIGFPEKECHMCQAGYSFDHHCDVRNCNKQPYKTSLQWKLDINHQVEPLMWSVKVPSENDSSFHVKDEDGALKMK,VEPMWSKVNSAL
79,80,4,CAACCGCCTGCCTGCGCGGGAACCAGAAGTGGATAGTACCACACTAGAATACAGTGTGACTCCGGAGAGTTAGCTAAAAC,TTCGTTGGCATGGCGTTCCGCGGGCTGTATGTGCTTCGCCACGTCGGGATCGAGTACGGCGACTAGTGGGGTAGCGTA,AGCGTCGCGACTAGTGGTACTA
80,80,20,WVWFYFMWKINEPGSVTIAPCIPAKFVRAGTFKKGITVLWDKKTMERWSLMGVVQAIYMYVDHKTDEQIAHEEVWMEKVI,CFCEFSTGDAPSIKMLGTPTPHHIGSMCNTEDRDTESGSLCYAMRYQKNCYYYQWWSLNVHIMDHTTLHNNSGMHEMN,FPSIPPGGLKMLGMHE
81,80,4,CTAACCCCCACCAGGAGAAACTTCTAGACTGGATCAACCACAAAAAGTGTGAACCGTCATTACGACTTCCCATTTTTGGC,GGCTAGAACGAATGTTATGCACGCTCGAATTGCAGGCACCCCGAAACAGCCAGTAGTATCTCACACACCTGTCCGTTCA,GCCACGACACCATTACCAGCTCA
82,80,20,WCPYDNAPKRNLMEWAQAKVAWQTYFMMSKWTQGQHQIRSIDDMVTTHHISAMHVLMERNKPTQRTYRKITTIWKLFTSS,ERDDWRRMCKNCFMLDSFSFRARWWLPNGLDYWVFTFICYVDSPRQQGHNAYAQIEYIEIWFSVLPQCITMTQAQDYHA,DPRQQYQQIMQY
83,80,4,ATAGCAGCCAGGTAGGGCACTCCACCACAGTATAACGTTCTGGGCTCCGAGCTCGATGGGCATAGGTCCCGTGGAGAGGA,TTAGGGAAGGACCTGTTGGTTTGCCATCTAATCGGTTTGGGCTTCAAGAAGAAAAAGTGTGATGGTACCACTGTTCGGTA,GAGGAGTTGGGTCTTCT
84,80,20,GHCKKGPNRIPADHPEYAEFVDRVKMWLYTPQCQDDTCWPEPYKMSAMQGDVGQEEFEAQTSNAMQVNGPNVWHVDKRKD,VCRWKQPKNFEVQQPWIDDFPNHWRDHDVLKECPQHISRRHVEMDDIYWAVKYCAWGCHPTTIANRGLQIPMKWKSSWNR,HCPIAAWCPANMW
85,85,4,TCCCAAAAATTCTGTTTCCTGCATATGCACATTACCAGCCCGGCGCAGTCTCGCTCCCTTCAATGAGTTCCATGTTGGGTAGCCC,CTAAGGTAATCCGATTCGCAACAGAAGCTGAGGCAACCAGCACAACAATGCTACCGGCCTAGGCGTTAGGCTGGGCATTAGCT,TCACGCCAAATAGGCAGGTCATTT
86,85,20,IDMSATWMYIRKVLWISGFKCHLHCCMVRDWLDKKWEFWDVSVFMGPTFSVFQPERCAQIADACEAAPKGLNMSQDRMIFLDHAK,LTGNLWSNVQKQDIFSMKLCCLPWLWLMAFGKPHIGYVPFFPKLHCYAFHTYEPVGCRTRNYNAWVAPHMYQYVTEVNTKEKP,MAIVFKLFVGTPQEN
87,85,4,ATGCTCCAAAATCGATCGCTCTTTACTCTCGGCCACTCCGACGGCAAAGTTATCTTCGTAGACGAACGGGGTAGAACCCCGAACA,AAGCGGTGAGCTGGCAATTAAATCTGTGAAGGGCCACCTGGCGGCAGACGTTGCGTGCTCTTGTCGTCGCTAGCACAACTACGG,GTCTGTGTGTGCTGAGCACACC
88,85,20,NGIIWEDHPQTAFPANANLSHLRPCINASIFYSTKCDLYNYTTMLYNVWVEEQSFTKENLLSERNIKALVNFYDHIVCMQMYEVQ,GESREYGATIFSPLINRWDKVQFFVQIYADGWISGKENAGVLNKDYRKLPGNYRSAANINEYPSFPWPNCEAHRCFFKLNCQKI,NIDNNRSNYWEFKLNCQ
89,85,4,AGTGTAGTGTTCTACCAGGTTTCTCCGCTATTTGTTCATCATGCTACCGTTTGCTCACAGATACATGAAAGTGCCGGTATGTACA,TTGCGCCAACTCTAGCAGTTTGATTTATCTGCGATCGATCTAATTTTGGACTCTAGTCATCTTCTGTGGTCAAACTCATGTAACA,GATTGGCCAGCATCTTGTGTCAAACTCATGTAC
90,85,20,TLCFTMAHVRNSPIMFRDTHMCMWVQYFWERDDYYNAVCVSVFFQKPQFFISECPMHDHDKGDMNWFSYSQSPPHALDEHCTNPQ,RTNQMNFKTVCMQLTGPQPTRQVLPINSSVDAPHDFWNDQLYWPLGMRAWVTGPACWKLQLCAYSHDCWMEKGTMNMQCQAHRSD,LFNPDMMNQCAH
91,90,4,CTAGCAAACTTAATTAATATACACAATACTGAGTCCCTCTTCGTGTGCGGCCAAGTCGCTCAAAAATCCCCAGTCGGATGTGGCCCATCA,TGTCAATATGAAATATTCTAAATCCTAACCCAAGCGGCGCTGGTAAGAGCGTAGACCAGTGATAGGTCCGCCTTCCACGGGAATTAAA,GAATGATGTCGCCTTCT
92,90,20,GFRWDEEANDVNVMNFLVTHIADSVWWHMQKVCSFRLAKHWEHYIYDYEGLITIHFEEHQLMEMHTLQYMKTYPSITLWYVTTTFLNAGL,KRCWPMCERYKVTNKTYHVCWWEFYWGQRSAEAFSHTYWAQRMKYDYMPTQDERPPEQYFEKKENTWWNPLAEFSPMEVVGMKLAFWK,VNVSSRWLSVLA
93,90,4,GCACGAGAACCACGCCTTACGCTACCCACCGCGGGGGGTTCTGTACTAGTCATTAGACTCTAAATCATCACTTAGAAGAGGCGCTAGTCA,AAGAGGTGATCACATTTGCTTTATATATCAGCTATGCTCTAGGCAACATGATGGAGGTATGGTGTACCGTAACGCAAGTCGTCGTGAGT,AGGAAGAGTAACGTACGCAAGTCTGGAGT
94,90,20,TTNHYWAYEECTEYLSELNDAIKWYIDYPCRCCTHANSWCLFPKTEDDARTTGRISKMMTGSNKREWKEKSRWMGYQCKHRTTESWAQQE,DNEVEVFDEIVQEWPAVSRTEDKTHYSLCVGYLIPRVQDAQQIHYHNWHMFERMTVFKICKWVCLWNGMEVLFCYSNVQGLTLFQNNTQ,HWETLWFSGQT
95,90,4,TGACATCGTTAGTCGCAAGGGAATACTCAACTGCATGAAATCGAGGGCCGAAGTACGTGACACAACATTCGGATCCGAGGCTCTCTTGGA,GCACATGCTCACCCCGAGAAATGCTGGGTTCTAGTTGGGAGCTCTGCCCAACGATGAGCGGAGTAAACGGGGGGTCGACATATCATATAC,CTGTGGAGCCCGAGTCGCATATCATATAC
96,90,20,GINPGYWLFPRMWVWLGEGTVCPGFCATWQKVSFWPDRHNMVYEQEYSALAYGMFQTQGDCNVEPEMHYCYLLHWNFDMNLHCHTTYSRW,SQYAHQVECYTPLFKPYMGHSKDWFFPVCIEIFGSQARQCMQFIPSTHQPRIDNVHYNRPMDHHFGMFQIPCECLDASNRVAKDESWWNV,GPYNMDMFLS
97,95,4,TGGCCTATTAAAGCGGAGGTGAATCAGAATAACCATTCCCATGGCCGATACATCGTCGTCCTAATAACCAGAGGGGATCCCATCCGGACAACTAC,TTGCTCGCTAGTTCGGACGAGAGAGTACAGATTCGCATCGTTGATAATATCATCACCATCTTGACCGCGGTAGCCCATTCGGGTACGTCAAAT,GCTTACATACTACTACCGCTGCCATTCTCGAAT
98,95,20,SDQRMFISITDPGGKPDTGSLIDTCCMDIPWGTPYAMFFGPSYTEHMKFCWWTEDNIRHRATFCYGPMKHKDFTNVIRKNVSAIIPSEGWPQGLI,VWDAAAEAGRFNDHGLRQNWRVLMINCNNDIAIPWRGMQHRHHRLSNITKCLNIWVSDWSSCIIIHMYIGHFDTALGKFLDSPKWCSMYQRCI,QRMIDMITSWIFGKFKS
99,95,4,CTTTGTAGCCACCGTAGGGCGATGAGGGGTCAATACCGGGACGTCGAGGCAAGATATTCTAACGCAACTTCAACGCAGTGTGAAGGGGAAGCTGC,CATCGGACGATCGGAGTAGCAAGATAACTAAGATCTCTTGAGCCGGAGATTATTAGGTCGTCTGTTTATGAGTCTATCATGGACTCCCGCTCTT,TTGACTTAGAGCTAGGACTCCCCCTT
100,95,20,DMVQMYMSVDSDEWCGVASCDEKASHKIQHIMASCWRIAPWRNFGAFVQIWICGGGIMRYEWIIQVANFVCMSHFYVQQTGWMQYECCWHHIRPE,GCCRVYAHQTFAGKLQWVFMGPQGCWIKDQINNKSMGNHVQTKCFAEALNHAFPYANNPAHPYAVLMWCTWLSAIQFECAYCEDDECYCWMRGY,MQMVCAAMCAQEACWMR
101,95,4,TTCCTCGCAAACCACAGGCCCGACTCGAGTCATCCTTTTTCAAACAAGCTGGCGGGGGGCACCTTCTTAAGAGGAGGGCAGCACCTACCCGTTGC,TCGCAAGGATTCCACGCCTATTGATAGTGATCAGTCGGCGTTGATCCCTCGGCTTCGTGACAAGAGGCCGGTTACTTCACACGGATGGCGTCAGC,TTGAGGCCGTCCCGTACCTGGCGTCG
102,95,20,SVRNPNGPDVKWAHYLALYQIQDGQMHEITGKLGDNPMFWFNPRAARCNVCGSTAIVHFGEFILMRETLEGFYYDYVQFFIIMIVAVVKDNWEYC,KNHCCGINCEIRVPVAKWIRKWLVVGGVSGDKGTSPYYLNPSVFLTLNYHGGNGWLGWYAEIKFKCFGVKMQHQAAWQGTDFREGWAQIQTWWVY,VNGWLGFFVAFEIQW
103,100,4,CAGGCATCGGAGACCAGGCAATTATCGCGCGTAGCAATGCGCTCGTGTGTGTGAGTGCGTTCTCGAGTAATCAAGCCCCTAAGGCCAGTTAGACCTGATT,AGGTATAGCGTGGACGAGCATTCCCCAGAATCCCCCGTACATCGGTCCAATAGTCAGAGCGTACGCTGATATCTTGAACAAACCGTAGTAGACCGTTG,GACAAACTCGCTGCTTGCCCGTAGGTG
104,100,20,EPVQFHLMCMTDGGFKMNGVLTQCRFAEYGISMRDDIWWHVIMGDERVLELDSNASRPTIDYLFDILEFTAKGFHEKESAIWAYIKYVTRGGFLSWIIHM,QDFSYQLVPGKDIYNWHLMIERRAIASVSCPFSRIPYGMPVVEWQKDLFCKAFEKWCIIYPDFDQYYDYAWDLIDPCHTLTTEKQDSVSHVYGCQDVL,VDMVCFYGMDLAIIAITS
105,100,4,AGAGCACCCCATATTGAGGTTGTTCGAAAAATGTGTCAGCTAGTGCCGTGTGCTTTATACCGTCGTCAACTTCTAGGCACAGTCACGCCGTCTACCTTCA,CGGACTGTCTCAATCGTTGCCGCAACGACCATTGAACGTGGGGACCCTCCAAACTCCCTTGAAGTAGGCATGATAGTAACATGGCTCCAGGGTACTTAG,GAAATAGGTGATATAGTAACATGGCTCAGG
106,100,20,FCGGTAKMVLLVHETDRQCCLQKEKTTHWWYGATYASREQCKPPWHYRHMSKDRTCIHYMMLPLQLYVYAPSGYEYPGEDIGDAVLHSTEYNYDHWLDDF,YDVNSSHKPGHGEQLPSHSRVDGDSQYGNHEGPDSDGWEQCCMQKDQPFFSETEPRRKFMSGDQHEMTMCTVPHQPVKVLTNESPHTIGKVVRNPKPSH,CGKVVRPPS
107,100,4,AGGGTTCGCCGTCTTGAAAGCTTGAGCCGTTAGGAAGGGATAAAGCACGTTCAGCATCAGTAGCCCCTGTCTAGACATATAACAGTGACTTGAACATTTC,TCGGCCATAATTAGAACACTGCGCGAGACCTAGTTATATCCCACCGCTAACCGGCTAATCCAGACCAACCTCTCCACCTTTACCGACCATAAATGATACC,AGTCCGACGACCACCTCACCTACCGACATAAATGATAC
108,100,20,CRICKMPCYFHQNMNPGSHPYRQFFRGAKEAGEKCKYNNIRGCLENAFWRFVYHVSSFAKCCCLKNAPDDLGHPWWASFPLAVPRHPIGAPSMFPDGVTA,HAKLNYMAREMKLPMDENKPCTAVRGDLMPWLQLTTPFEPCMHAEWQDRVWHFMYNMPLEHRPLLTHWDWMLHHLASHNVYYCLITSQGVCMEQYNVDWD,PLWHAHSVD