0,Feasible Positiv,0,ACCA,true
1,Feasible Negativ,0,ATA,false
2,Feasible Negativ,0,ACCAA,false
3,Feasible Positiv,1,AGGG,true
4,Feasible Negativ,1,CCGAA,false
5,Feasible Negativ,1,TAGGGAC,false
6,Feasible Positiv,2,W,true
7,Feasible Negativ,2,CHY,false
8,Feasible Negativ,2,CWS,false
9,Feasible Positiv,3,CTCTCA,true
10,Feasible Negativ,3,CAACA,false
11,Feasible Negativ,3,TCTCTGCAT,false
12,Feasible Positiv,4,VQ,true
13,Feasible Negativ,4,VML,false
14,Feasible Negativ,4,VMLQG,false
15,Feasible Positiv,5,AG,true
16,Feasible Negativ,5,CACT,false
17,Feasible Negativ,5,TCACCGA,false
18,Feasible Positiv,6,HTS,true
19,Feasible Negativ,6,PHS,false
20,Feasible Negativ,6,PHTSW,false
21,Feasible Positiv,7,CGCTAATA,true
22,Feasible Negativ,7,CGAAAA,false
23,Feasible Negativ,7,CGCTAATAA,false
24,Feasible Positiv,8,MTNL,true
25,Feasible Negativ,8,MNL,false
26,Feasible Negativ,8,MTLNLL,false
27,Feasible Positiv,9,GACAAACTG,true
28,Feasible Negativ,9,GAAACAT,false
29,Feasible Negativ,9,GAAACAACACTGC,false
30,Feasible Positiv,10,YHQQL,true
31,Feasible Negativ,10,YQWL,false
32,Feasible Negativ,10,YHQQLL,false
33,Feasible Positiv,11,CTCTTCA,true
34,Feasible Negativ,11,TGTCTTG,false
35,Feasible Negativ,11,CTCCTTCAG,false
36,Feasible Positiv,12,TRVEY,true
37,Feasible Negativ,12,FTRE,false
38,Feasible Negativ,12,FTRVEYC,false
39,Feasible Positiv,13,TCTAGTGGT,true
40,Feasible Negativ,13,TCTCGCCT,false
41,Feasible Negativ,13,TTCTAGCTCGGTTT,false
42,Feasible Positiv,14,FYK,true
43,Feasible Negativ,14,YKWF,false
44,Feasible Negativ,14,LFYKM,false
45,Feasible Positiv,15,CGATGGACC,true
46,Feasible Negativ,15,CTAACAGG,false
47,Feasible Negativ,15,CTGAACTGAGACCG,false
48,Feasible Positiv,16,TYLAE,true
49,Feasible Negativ,16,YIAE,false
50,Feasible Negativ,16,TYILAEM,false
51,Feasible Positiv,17,ATCAATATG,true
52,Feasible Negativ,17,GAACATA,false
53,Feasible Negativ,17,GAATACAACTATGG,false
54,Feasible Positiv,18,PPNLGTTL,true
55,Feasible Negativ,18,FPLET,false
56,Feasible Negativ,18,FPPNLGTTLD,false
57,Feasible Positiv,19,CGCTGCTAGCAA,true
58,Feasible Negativ,19,CCGCTAT,false
59,Feasible Negativ,19,CGCTGGCTAGCAAG,false
60,Feasible Positiv,20,RCNSRC,true
61,Feasible Negativ,20,KTGRDL,false
62,Feasible Negativ,20,NRCNSRCM,false
63,Feasible Positiv,21,ATACGAGCGACGT,true
64,Feasible Negativ,21,GAACGAACAG,false
65,Feasible Negativ,21,GAATACGAAGTCGAACGTC,false
66,Feasible Positiv,22,FCGTRF,true
67,Feasible Negativ,22,FCMTF,false
68,Feasible Negativ,22,FCGLTRAFH,false
69,Feasible Positiv,23,AGTTCGCCTTG,true
70,Feasible Negativ,23,TAGTCCAACT,false
71,Feasible Negativ,23,TAGTCTCGAAAGCCTTGGA,false
72,Feasible Positiv,24,HQWALIK,true
73,Feasible Negativ,24,SHALI,false
74,Feasible Negativ,24,HQWALIKE,false
75,Feasible Positiv,25,CTCTATCAAAGAAGCGC,true
76,Feasible Negativ,25,CTCTATCAAAG,false
77,Feasible Negativ,25,CTCTATTGCAAAGAAAGCGCC,false
78,Feasible Positiv,26,VHCWHCG,true
79,Feasible Negativ,26,DKWSCN,false
80,Feasible Negativ,26,VHCWHCGG,false
81,Feasible Positiv,27,GACTGCTGATAC,true
82,Feasible Negativ,27,CACGGCCTTGCA,false
83,Feasible Negativ,27,GCACGTAGCTAAGATACAG,false
84,Feasible Positiv,28,FTYIVWVMDIG,true
85,Feasible Negativ,28,IHPILIG,false
86,Feasible Negativ,28,FTYIVWVMDIGY,false
87,Feasible Positiv,29,GGAACACGGCC,true
88,Feasible Negativ,29,TGAATTGGAAAG,false
89,Feasible Negativ,29,TGGAACATTTTGCGGGACACAAGT,false
90,Feasible Positiv,30,KDYAWF,true
91,Feasible Negativ,30,QDMAP,false
92,Feasible Negativ,30,QKDYAWFH,false
93,Feasible Positiv,31,TTGGGCAGTGTAGCT,true
94,Feasible Negativ,31,TGGCTCGTACTCA,false
95,Feasible Negativ,31,TTGGTGCCTACTAGCGTGTAGCTT,false
96,Feasible Positiv,32,GHWDSGER,true
97,Feasible Negativ,32,GHWMQE,false
98,Feasible Negativ,32,LGHWDSGERG,false
99,Feasible Positiv,33,GTTGATCAGGCAAGAATA,true
100,Feasible Negativ,33,GTTAGGGTACGAAT,false
101,Feasible Negativ,33,GTTGATCAGGCAAGAAATAT,false
102,Feasible Positiv,34,CQPYVYS,true
103,Feasible Negativ,34,CYDPPWP,false
104,Feasible Negativ,34,CQPYVYSD,false
105,Feasible Positiv,35,TTCATTGTTCGCG,true
106,Feasible Negativ,35,CGGAGTTGGAGCG,false
107,Feasible Negativ,35,GCCTGTGCATTGTTCGCGA,false
108,Feasible Positiv,36,MYCIWLS,true
109,Feasible Negativ,36,YANQLS,false
110,Feasible Negativ,36,PMYCIWLST,false
111,Feasible Positiv,37,GACGAATGGCGACTTGGA,true
112,Feasible Negativ,37,CACAAGGGGACGGCA,false
113,Feasible Negativ,37,GACGAAGTAGGCTGGAACCTTGGAA,false
114,Feasible Positiv,38,IECDECHF,true
115,Feasible Negativ,38,NCIPGHS,false
116,Feasible Negativ,38,IWECDECHFE,false
117,Feasible Positiv,39,ACTGATTTTATTTGCCTCC,true
118,Feasible Negativ,39,GATTTGTTCTAAGC,false
119,Feasible Negativ,39,TGACTGATTTTCTACTTATGCCTCCA,false
120,Feasible Positiv,40,WKHMWWWFL,true
121,Feasible Negativ,40,WQLSHAVF,false
122,Feasible Negativ,40,WKHMWWWFLK,false
123,Feasible Positiv,41,GCTTAAACGCGGAGTCTTCTC,true
124,Feasible Negativ,41,GGCCTTACCGAGTTTG,false
125,Feasible Negativ,41,GGGCTCTTAATACGCGGAGTCTTTGGACTCC,false
126,Feasible Positiv,42,DHHVALSEI,true
127,Feasible Negativ,42,DHVKSVPE,false
128,Feasible Negativ,42,DHVHKVALSEII,false
129,Feasible Positiv,43,AGCTTAATCATACAGTAGA,true
130,Feasible Negativ,43,GATTGACTATAAAAA,false
131,Feasible Negativ,43,TAGCTTTAGATTCTATCACACGTAGAAT,false
132,Feasible Positiv,44,IHKRKMSEIKC,true
133,Feasible Negativ,44,IRAKEYKCK,false
134,Feasible Negativ,44,IHEKRAKKQMSEIKCV,false
135,Feasible Positiv,45,ACTCTCAAGGAGAGTATGC,true
136,Feasible Negativ,45,ATCTAAAAATATGCAC,false
137,Feasible Negativ,45,ACTACCCTCCAAATGGAGACCAGATATGCC,false
138,Feasible Positiv,46,CQPDSEW,true
139,Feasible Negativ,46,TNSAWTFQW,false
140,Feasible Negativ,46,CTQPDSEWI,false
141,Feasible Positiv,47,CATTTGACTCAGGTAAGACCG,true
142,Feasible Negativ,47,CGTCAAGAGCTAAAAC,false
143,Feasible Negativ,47,CATTTGACTCAGGTAAGACCGA,false
144,Feasible Positiv,48,FQYMLYNPKPCR,true
145,Feasible Negativ,48,QFYQKYCR,false
146,Feasible Negativ,48,QFQYMLYNPKPCRH,false